﻿Designator,Quantity,Value,Footprint,Package,MPN,DNP,Mount_Type,Description,Sim.Pins
"D19, D20, D21, D22",4,LED,LED_Yuji_5730,,,,smt,Light emitting diode,1=K 2=A
J1,1,POWER SUPLY,BarrelJack_GCT_DCJ200-10-A_Horizontal,,,,tht,"Generic connector, single row, 01x03, script generated (kicad-library-utils/schlib/autogen/connector/)",
"J25, J28",2,Conn_01x05,JST_XH_B5B-XH-A_1x05_P2.50mm_Vertical,,,,tht,"Generic connector, single row, 01x05, script generated (kicad-library-utils/schlib/autogen/connector/)",
"J29, J30",2,Screw_Terminal_01x03,JST_XH_B3B-XH-A_1x03_P2.50mm_Vertical,,,,tht,"Generic connector, single row, 01x03, script generated (kicad-library-utils/schlib/autogen/connector/)",
J4,1,ENC01,JST_XH_B4B-XH-A_1x04_P2.50mm_Vertical,,,,tht,"Generic connector, single row, 01x04, script generated (kicad-library-utils/schlib/autogen/connector/)",
J6,1,ENC02,JST_XH_B4B-XH-A_1x04_P2.50mm_Vertical,,,,tht,"Generic connector, single row, 01x04, script generated (kicad-library-utils/schlib/autogen/connector/)",
J9,1,ENC03,JST_XH_B4B-XH-A_1x04_P2.50mm_Vertical,,,,tht,"Generic connector, single row, 01x04, script generated (kicad-library-utils/schlib/autogen/connector/)",
"R3, R4, R5, R6",4,220,R_1206_3216Metric,,,,smt,"Resistor, US symbol",
U1,1,ESP32-S3-DevKitC,ESP32-S3-DevKitC,,,,tht,ESP32-S3-DevKitC,
