﻿pos_x,pos_y,rotation,side,designator,mpn,pack,footprint,value,mount_type
17.35,-77.98728,90.0,top,D19,,,LED_Yuji_5730,LED,smt
21.9,-77.98728,90.0,top,D20,,,LED_Yuji_5730,LED,smt
26.45,-77.98728,90.0,top,D21,,,LED_Yuji_5730,LED,smt
31.0,-77.98728,90.0,top,D22,,,LED_Yuji_5730,LED,smt
69.0,-73.33728,0.0,top,J1,,,BarrelJack_GCT_DCJ200-10-A_Horizontal,POWER SUPLY,tht
29.5,-53.0,-90.0,top,J25,,,JST_XH_B5B-XH-A_1x05_P2.50mm_Vertical,Conn_01x05,tht
21.5,-53.0,-90.0,top,J28,,,JST_XH_B5B-XH-A_1x05_P2.50mm_Vertical,Conn_01x05,tht
74.0,-43.0,90.0,top,J29,,,JST_XH_B3B-XH-A_1x03_P2.50mm_Vertical,Screw_Terminal_01x03,tht
74.0,-31.5,90.0,top,J30,,,JST_XH_B3B-XH-A_1x03_P2.50mm_Vertical,Screw_Terminal_01x03,tht
22.0,-30.0,0.0,top,J4,,,JST_XH_B4B-XH-A_1x04_P2.50mm_Vertical,ENC01,tht
22.0,-37.5,0.0,top,J6,,,JST_XH_B4B-XH-A_1x04_P2.50mm_Vertical,ENC02,tht
22.0,-45.0,0.0,top,J9,,,JST_XH_B4B-XH-A_1x04_P2.50mm_Vertical,ENC03,tht
17.4,-84.67478,-90.0,top,R3,,,R_1206_3216Metric,220,smt
21.9,-84.67478,-90.0,top,R4,,,R_1206_3216Metric,220,smt
26.4,-84.67478,-90.0,top,R5,,,R_1206_3216Metric,220,smt
30.9,-84.59978,-90.0,top,R6,,,R_1206_3216Metric,220,smt
37.0,-24.3,0.0,top,U1,,,ESP32-S3-DevKitC,ESP32-S3-DevKitC,tht
